ID,P14
1,V_14-1
2,V_14-2
3,V_14-3
4,V_14-4
5,V_14-5
6,V_14-6
7,V_14-7
8,V_14-8
9,V_14-9
10,V_14-10
11,V_14-11
12,V_14-12
13,V_14-13
14,V_14-14
15,V_14-15
16,V_14-16
17,V_14-17
18,V_14-18
19,V_14-19
20,V_14-20
21,V_14-21
22,V_14-22
23,V_14-23
24,V_14-24
25,V_14-25
26,V_14-26
27,V_14-27
28,V_14-28
29,V_14-29
30,V_14-30
31,V_14-31
32,V_14-32
33,V_14-33
34,V_14-34
35,V_14-35
36,V_14-36
37,V_14-37
38,V_14-38
39,V_14-39
40,V_14-40
41,V_14-41
42,V_14-42
43,V_14-43
44,V_14-44
45,V_14-45
46,V_14-46
47,V_14-47
48,V_14-48
49,V_14-49
50,V_14-50
51,V_14-51
52,V_14-52
53,V_14-53
54,V_14-54
55,V_14-55
56,V_14-56
57,V_14-57
58,V_14-58
59,V_14-59
60,V_14-60
61,V_14-61
62,V_14-62
63,V_14-63
64,V_14-64
65,V_14-65
66,V_14-66
67,V_14-67
68,V_14-68
69,V_14-69
70,V_14-70
71,V_14-71
72,V_14-72
73,V_14-73
74,V_14-74
75,V_14-75
76,V_14-76
77,V_14-77
78,V_14-78
79,V_14-79
80,V_14-80
81,V_14-81
82,V_14-82
83,V_14-83
84,V_14-84
85,V_14-85
86,V_14-86
87,V_14-87
88,V_14-88
89,V_14-89
90,V_14-90
91,V_14-91
92,V_14-92
93,V_14-93
94,V_14-94
95,V_14-95
96,V_14-96
97,V_14-97
98,V_14-98
99,V_14-99
100,V_14-100
101,V_14-101
102,V_14-102
103,V_14-103
104,V_14-104
105,V_14-105
106,V_14-106
107,V_14-107
108,V_14-108
109,V_14-109
110,V_14-110
111,V_14-111
112,V_14-112
113,V_14-113
114,V_14-114
115,V_14-115
116,V_14-116
117,V_14-117
118,V_14-118
119,V_14-119
120,V_14-120
121,V_14-121
122,V_14-122
123,V_14-123
124,V_14-124
125,V_14-125
126,V_14-126
127,V_14-127
128,V_14-128
129,V_14-129
130,V_14-130
131,V_14-131
132,V_14-132
133,V_14-133
134,V_14-134
135,V_14-135
136,V_14-136
137,V_14-137
138,V_14-138
139,V_14-139
140,V_14-140
141,V_14-141
142,V_14-142
143,V_14-143
144,V_14-144
145,V_14-145
146,V_14-146
147,V_14-147
148,V_14-148
149,V_14-149
150,V_14-150
151,V_14-151
152,V_14-152
153,V_14-153
154,V_14-154
155,V_14-155
156,V_14-156
157,V_14-157
158,V_14-158
159,V_14-159
160,V_14-160
161,V_14-161
162,V_14-162
163,V_14-163
164,V_14-164
165,V_14-165
166,V_14-166
167,V_14-167
168,V_14-168
169,V_14-169
170,V_14-170
171,V_14-171
172,V_14-172
173,V_14-173
174,V_14-174
175,V_14-175
176,V_14-176
177,V_14-177
178,V_14-178
179,V_14-179
180,V_14-180
181,V_14-181
182,V_14-182
183,V_14-183
184,V_14-184
185,V_14-185
186,V_14-186
187,V_14-187
188,V_14-188
189,V_14-189
190,V_14-190
191,V_14-191
192,V_14-192
193,V_14-193
194,V_14-194
195,V_14-195
196,V_14-196
197,V_14-197
198,V_14-198
199,V_14-199
200,V_14-200
201,V_14-201
202,V_14-202
203,V_14-203
204,V_14-204
205,V_14-205
206,V_14-206
207,V_14-207
208,V_14-208
209,V_14-209
210,V_14-210
211,V_14-211
212,V_14-212
213,V_14-213
214,V_14-214
215,V_14-215
216,V_14-216
217,V_14-217
218,V_14-218
219,V_14-219
220,V_14-220
221,V_14-221
222,V_14-222
223,V_14-223
224,V_14-224
225,V_14-225
226,V_14-226
227,V_14-227
228,V_14-228
229,V_14-229
230,V_14-230
231,V_14-231
232,V_14-232
233,V_14-233
234,V_14-234
235,V_14-235
236,V_14-236
237,V_14-237
238,V_14-238
239,V_14-239
240,V_14-240
241,V_14-241
242,V_14-242
243,V_14-243
244,V_14-244
245,V_14-245
246,V_14-246
247,V_14-247
248,V_14-248
249,V_14-249
250,V_14-250
251,V_14-251
252,V_14-252
253,V_14-253
254,V_14-254
255,V_14-255
256,V_14-256
257,V_14-257
258,V_14-258
259,V_14-259
260,V_14-260
261,V_14-261
262,V_14-262
263,V_14-263
264,V_14-264
265,V_14-265
266,V_14-266
267,V_14-267
268,V_14-268
269,V_14-269
270,V_14-270
271,V_14-271
272,V_14-272
273,V_14-273
274,V_14-274
275,V_14-275
276,V_14-276
277,V_14-277
278,V_14-278
279,V_14-279
280,V_14-280
281,V_14-281
282,V_14-282
283,V_14-283
284,V_14-284
285,V_14-285
286,V_14-286
287,V_14-287
288,V_14-288
289,V_14-289
290,V_14-290
291,V_14-291
292,V_14-292
293,V_14-293
294,V_14-294
295,V_14-295
296,V_14-296
297,V_14-297
298,V_14-298
299,V_14-299
300,V_14-300
301,V_14-301
302,V_14-302
303,V_14-303
304,V_14-304
305,V_14-305
306,V_14-306
307,V_14-307
308,V_14-308
309,V_14-309
310,V_14-310
311,V_14-311
312,V_14-312
313,V_14-313
314,V_14-314
315,V_14-315
316,V_14-316
317,V_14-317
318,V_14-318
319,V_14-319
320,V_14-320
321,V_14-321
322,V_14-322
323,V_14-323
324,V_14-324
325,V_14-325
326,V_14-326
327,V_14-327
328,V_14-328
329,V_14-329
330,V_14-330
331,V_14-331
332,V_14-332
333,V_14-333
334,V_14-334
335,V_14-335
336,V_14-336
337,V_14-337
338,V_14-338
339,V_14-339
340,V_14-340
341,V_14-341
342,V_14-342
343,V_14-343
344,V_14-344
345,V_14-345
346,V_14-346
347,V_14-347
348,V_14-348
349,V_14-349
350,V_14-350
351,V_14-351
352,V_14-352
353,V_14-353
354,V_14-354
355,V_14-355
356,V_14-356
357,V_14-357
358,V_14-358
359,V_14-359
360,V_14-360
361,V_14-361
362,V_14-362
363,V_14-363
364,V_14-364
365,V_14-365
366,V_14-366
367,V_14-367
368,V_14-368
369,V_14-369
370,V_14-370
371,V_14-371
372,V_14-372
373,V_14-373
374,V_14-374
375,V_14-375
376,V_14-376
377,V_14-377
378,V_14-378
379,V_14-379
380,V_14-380
381,V_14-381
382,V_14-382
383,V_14-383
384,V_14-384
385,V_14-385
386,V_14-386
387,V_14-387
388,V_14-388
389,V_14-389
390,V_14-390
391,V_14-391
392,V_14-392
393,V_14-393
394,V_14-394
395,V_14-395
396,V_14-396
397,V_14-397
398,V_14-398
399,V_14-399
400,V_14-400
401,V_14-401
402,V_14-402
403,V_14-403
404,V_14-404
405,V_14-405
406,V_14-406
407,V_14-407
408,V_14-408
409,V_14-409
410,V_14-410
411,V_14-411
412,V_14-412
413,V_14-413
414,V_14-414
415,V_14-415
416,V_14-416
417,V_14-417
418,V_14-418
419,V_14-419
420,V_14-420
421,V_14-421
422,V_14-422
423,V_14-423
424,V_14-424
425,V_14-425
426,V_14-426
427,V_14-427
428,V_14-428
429,V_14-429
430,V_14-430
431,V_14-431
432,V_14-432
433,V_14-433
434,V_14-434
435,V_14-435
436,V_14-436
437,V_14-437
438,V_14-438
439,V_14-439
440,V_14-440
441,V_14-441
442,V_14-442
443,V_14-443
444,V_14-444
445,V_14-445
446,V_14-446
447,V_14-447
448,V_14-448
449,V_14-449
450,V_14-450
451,V_14-451
452,V_14-452
453,V_14-453
454,V_14-454
455,V_14-455
456,V_14-456
457,V_14-457
458,V_14-458
459,V_14-459
460,V_14-460
461,V_14-461
462,V_14-462
463,V_14-463
464,V_14-464
465,V_14-465
466,V_14-466
467,V_14-467
468,V_14-468
469,V_14-469
470,V_14-470
471,V_14-471
472,V_14-472
473,V_14-473
474,V_14-474
475,V_14-475
476,V_14-476
477,V_14-477
478,V_14-478
479,V_14-479
480,V_14-480
481,V_14-481
482,V_14-482
483,V_14-483
484,V_14-484
485,V_14-485
486,V_14-486
487,V_14-487
488,V_14-488
489,V_14-489
490,V_14-490
491,V_14-491
492,V_14-492
493,V_14-493
494,V_14-494
495,V_14-495
496,V_14-496
497,V_14-497
498,V_14-498
499,V_14-499
500,V_14-500
501,V_14-501
502,V_14-502
503,V_14-503
504,V_14-504
505,V_14-505
506,V_14-506
507,V_14-507
508,V_14-508
509,V_14-509
510,V_14-510
511,V_14-511
512,V_14-512
513,V_14-513
514,V_14-514
515,V_14-515
516,V_14-516
517,V_14-517
518,V_14-518
519,V_14-519
520,V_14-520
521,V_14-521
522,V_14-522
523,V_14-523
524,V_14-524
525,V_14-525
526,V_14-526
527,V_14-527
528,V_14-528
529,V_14-529
530,V_14-530
531,V_14-531
532,V_14-532
533,V_14-533
534,V_14-534
535,V_14-535
536,V_14-536
537,V_14-537
538,V_14-538
539,V_14-539
540,V_14-540
541,V_14-541
542,V_14-542
543,V_14-543
544,V_14-544
545,V_14-545
546,V_14-546
547,V_14-547
548,V_14-548
549,V_14-549
550,V_14-550
551,V_14-551
552,V_14-552
553,V_14-553
554,V_14-554
555,V_14-555
556,V_14-556
557,V_14-557
558,V_14-558
559,V_14-559
560,V_14-560
561,V_14-561
562,V_14-562
563,V_14-563
564,V_14-564
565,V_14-565
566,V_14-566
567,V_14-567
568,V_14-568
569,V_14-569
570,V_14-570
571,V_14-571
572,V_14-572
573,V_14-573
574,V_14-574
575,V_14-575
576,V_14-576
577,V_14-577
578,V_14-578
579,V_14-579
580,V_14-580
581,V_14-581
582,V_14-582
583,V_14-583
584,V_14-584
585,V_14-585
586,V_14-586
587,V_14-587
588,V_14-588
589,V_14-589
590,V_14-590
591,V_14-591
592,V_14-592
593,V_14-593
594,V_14-594
595,V_14-595
596,V_14-596
597,V_14-597
598,V_14-598
599,V_14-599
600,V_14-600
601,V_14-601
602,V_14-602
603,V_14-603
604,V_14-604
605,V_14-605
606,V_14-606
607,V_14-607
608,V_14-608
609,V_14-609
610,V_14-610
611,V_14-611
612,V_14-612
613,V_14-613
614,V_14-614
615,V_14-615
616,V_14-616
617,V_14-617
618,V_14-618
619,V_14-619
620,V_14-620
621,V_14-621
622,V_14-622
623,V_14-623
624,V_14-624
625,V_14-625
626,V_14-626
627,V_14-627
628,V_14-628
629,V_14-629
630,V_14-630
631,V_14-631
632,V_14-632
633,V_14-633
634,V_14-634
635,V_14-635
636,V_14-636
637,V_14-637
638,V_14-638
639,V_14-639
640,V_14-640
641,V_14-641
642,V_14-642
643,V_14-643
644,V_14-644
645,V_14-645
646,V_14-646
647,V_14-647
648,V_14-648
649,V_14-649
650,V_14-650
651,V_14-651
652,V_14-652
653,V_14-653
654,V_14-654
655,V_14-655
656,V_14-656
657,V_14-657
658,V_14-658
659,V_14-659
660,V_14-660
661,V_14-661
662,V_14-662
663,V_14-663
664,V_14-664
665,V_14-665
666,V_14-666
667,V_14-667
668,V_14-668
669,V_14-669
670,V_14-670
671,V_14-671
672,V_14-672
673,V_14-673
674,V_14-674
675,V_14-675
676,V_14-676
677,V_14-677
678,V_14-678
679,V_14-679
680,V_14-680
681,V_14-681
682,V_14-682
683,V_14-683
684,V_14-684
685,V_14-685
686,V_14-686
687,V_14-687
688,V_14-688
689,V_14-689
690,V_14-690
691,V_14-691
692,V_14-692
693,V_14-693
694,V_14-694
695,V_14-695
696,V_14-696
697,V_14-697
698,V_14-698
699,V_14-699
700,V_14-700
701,V_14-701
702,V_14-702
703,V_14-703
704,V_14-704
705,V_14-705
706,V_14-706
707,V_14-707
708,V_14-708
709,V_14-709
710,V_14-710
711,V_14-711
712,V_14-712
713,V_14-713
714,V_14-714
715,V_14-715
716,V_14-716
717,V_14-717
718,V_14-718
719,V_14-719
720,V_14-720
721,V_14-721
722,V_14-722
723,V_14-723
724,V_14-724
725,V_14-725
726,V_14-726
727,V_14-727
728,V_14-728
729,V_14-729
730,V_14-730
731,V_14-731
732,V_14-732
733,V_14-733
734,V_14-734
735,V_14-735
736,V_14-736
737,V_14-737
738,V_14-738
739,V_14-739
740,V_14-740
741,V_14-741
742,V_14-742
743,V_14-743
744,V_14-744
745,V_14-745
746,V_14-746
747,V_14-747
748,V_14-748
749,V_14-749
750,V_14-750
751,V_14-751
752,V_14-752
753,V_14-753
754,V_14-754
755,V_14-755
756,V_14-756
757,V_14-757
758,V_14-758
759,V_14-759
760,V_14-760
761,V_14-761
762,V_14-762
763,V_14-763
764,V_14-764
765,V_14-765
766,V_14-766
767,V_14-767
768,V_14-768
769,V_14-769
770,V_14-770
771,V_14-771
772,V_14-772
773,V_14-773
774,V_14-774
775,V_14-775
776,V_14-776
777,V_14-777
778,V_14-778
779,V_14-779
780,V_14-780
781,V_14-781
782,V_14-782
783,V_14-783
784,V_14-784
785,V_14-785
786,V_14-786
787,V_14-787
788,V_14-788
789,V_14-789
790,V_14-790
791,V_14-791
792,V_14-792
793,V_14-793
794,V_14-794
795,V_14-795
796,V_14-796
797,V_14-797
798,V_14-798
799,V_14-799
800,V_14-800
801,V_14-801
802,V_14-802
803,V_14-803
804,V_14-804
805,V_14-805
806,V_14-806
807,V_14-807
808,V_14-808
809,V_14-809
810,V_14-810
811,V_14-811
812,V_14-812
813,V_14-813
814,V_14-814
815,V_14-815
816,V_14-816
817,V_14-817
818,V_14-818
819,V_14-819
820,V_14-820
821,V_14-821
822,V_14-822
823,V_14-823
824,V_14-824
825,V_14-825
826,V_14-826
827,V_14-827
828,V_14-828
829,V_14-829
830,V_14-830
831,V_14-831
832,V_14-832
833,V_14-833
834,V_14-834
835,V_14-835
836,V_14-836
837,V_14-837
838,V_14-838
839,V_14-839
840,V_14-840
841,V_14-841
842,V_14-842
843,V_14-843
844,V_14-844
845,V_14-845
846,V_14-846
847,V_14-847
848,V_14-848
849,V_14-849
850,V_14-850
851,V_14-851
852,V_14-852
853,V_14-853
854,V_14-854
855,V_14-855
856,V_14-856
857,V_14-857
858,V_14-858
859,V_14-859
860,V_14-860
861,V_14-861
862,V_14-862
863,V_14-863
864,V_14-864
865,V_14-865
866,V_14-866
867,V_14-867
868,V_14-868
869,V_14-869
870,V_14-870
871,V_14-871
872,V_14-872
873,V_14-873
874,V_14-874
875,V_14-875
876,V_14-876
877,V_14-877
878,V_14-878
879,V_14-879
880,V_14-880
881,V_14-881
882,V_14-882
883,V_14-883
884,V_14-884
885,V_14-885
886,V_14-886
887,V_14-887
888,V_14-888
889,V_14-889
890,V_14-890
891,V_14-891
892,V_14-892
893,V_14-893
894,V_14-894
895,V_14-895
896,V_14-896
897,V_14-897
898,V_14-898
899,V_14-899
900,V_14-900
901,V_14-901
902,V_14-902
903,V_14-903
904,V_14-904
905,V_14-905
906,V_14-906
907,V_14-907
908,V_14-908
909,V_14-909
910,V_14-910
911,V_14-911
912,V_14-912
913,V_14-913
914,V_14-914
915,V_14-915
916,V_14-916
917,V_14-917
918,V_14-918
919,V_14-919
920,V_14-920
921,V_14-921
922,V_14-922
923,V_14-923
924,V_14-924
925,V_14-925
926,V_14-926
927,V_14-927
928,V_14-928
929,V_14-929
930,V_14-930
931,V_14-931
932,V_14-932
933,V_14-933
934,V_14-934
935,V_14-935
936,V_14-936
937,V_14-937
938,V_14-938
939,V_14-939
940,V_14-940
941,V_14-941
942,V_14-942
943,V_14-943
944,V_14-944
945,V_14-945
946,V_14-946
947,V_14-947
948,V_14-948
949,V_14-949
950,V_14-950
951,V_14-951
952,V_14-952
953,V_14-953
954,V_14-954
955,V_14-955
956,V_14-956
957,V_14-957
958,V_14-958
959,V_14-959
960,V_14-960
961,V_14-961
962,V_14-962
963,V_14-963
964,V_14-964
965,V_14-965
966,V_14-966
967,V_14-967
968,V_14-968
969,V_14-969
970,V_14-970
971,V_14-971
972,V_14-972
973,V_14-973
974,V_14-974
975,V_14-975
976,V_14-976
977,V_14-977
978,V_14-978
979,V_14-979
980,V_14-980
981,V_14-981
982,V_14-982
983,V_14-983
984,V_14-984
985,V_14-985
986,V_14-986
987,V_14-987
988,V_14-988
989,V_14-989
990,V_14-990
991,V_14-991
992,V_14-992
993,V_14-993
994,V_14-994
995,V_14-995
996,V_14-996
997,V_14-997
998,V_14-998
999,V_14-999
1000,V_14-1000
